Unnamed: 0,NAME,USER_ID,HOURS_DATASCIENCE,HOURS_BACKEND,HOURS_FRONTEND,NUM_COURSES_BEGINNER_DATASCIENCE,NUM_COURSES_BEGINNER_BACKEND,NUM_COURSES_BEGINNER_FRONTEND,NUM_COURSES_ADVANCED_DATASCIENCE,NUM_COURSES_ADVANCED_BACKEND,NUM_COURSES_ADVANCED_FRONTEND,AVG_SCORE_DATASCIENCE,AVG_SCORE_BACKEND,AVG_SCORE_FRONTEND
0,Melody Gentry,39064009,84,30,0,4,6,3,3,7,6,51,74,37
1,Lera Mitchel,26414743,42,74,13,3,6,4,2,7,5,82,59,50
2,Dianne Ransdell,40811094,18,76,38,5,2,8,8,3,8,77,53,50
3,Michael Sellers,46199789,77,29,23,7,2,6,1,6,1,68,57,60
4,Evelyn Hilliard,95025845,35,14,39,0,5,3,2,8,3,63,82,91
5,Michael Hall,94689887,29,32,58,4,3,2,1,2,5,60,63,77
6,Ryan Payne,49183523,50,19,42,1,3,5,3,5,3,63,59,65
7,Ashley Lathan,8314320,36,37,71,4,0,6,5,3,1,38,71,55
8,Jonathan Daniels,85946492,40,17,66,2,2,7,2,6,4,64,50,48
9,Ricardo Gioia,38570924,56,14,35,4,3,2,0,4,1,81,63,81
10,Lea Adams,94879450,53,66,2,7,4,4,5,5,2,60,46,71
11,Betsy Holleran,43833617,11,50,22,3,7,6,0,5,3,86,64,51
12,Ora Diaz,45859240,57,69,24,3,4,4,1,3,1,69,51,42
13,Timothy Brewer,24185612,23,75,43,3,6,3,4,3,2,42,79,67
14,Elroy Jordan,35770777,22,23,44,5,5,6,3,0,3,54,66,75
15,Richard Hamilton,22977481,60,53,18,3,5,5,1,6,3,74,51,50
16,Georgia Repinski,39082216,17,48,45,2,6,3,3,5,3,57,76,51
17,Roberto Marmolejo,12435062,15,14,53,1,3,2,0,6,5,30,77,57
18,Viola Smith,13717734,83,10,26,1,4,4,1,4,2,54,58,59
19,Barbara Nelson,28081673,73,35,36,5,7,4,7,3,4,67,78,65
20,Patsy Greer,7852603,54,48,67,6,3,7,3,2,1,63,64,74
21,Antwan Stangl,36763399,30,26,85,1,1,4,7,5,1,46,74,48
22,Kimberly Washington,1370638,37,68,33,3,1,9,4,4,9,71,83,35
23,John Casillas,28356188,37,52,29,5,2,7,3,4,6,78,72,70
24,Jacqueline Brown,58312142,55,67,54,2,2,3,5,6,5,46,63,74
25,Chelsie Vanscyoc,72646677,82,44,67,4,8,5,4,6,3,51,35,53
26,Sharla Robert,36984537,73,22,0,5,1,3,5,2,3,83,67,71
27,Traci Anderson,99943822,88,102,31,7,2,2,1,5,4,54,76,79
29,Peggy Scales,43962046,71,40,40,5,6,4,5,7,2,45,72,58
30,Cindy Murillo,67088967,0,60,31,3,2,5,8,2,3,63,75,74
31,Joshua Beer,39510526,27,53,7,6,4,7,6,0,3,79,71,43
32,Karen Mandeville,34940930,27,47,17,4,3,4,1,7,2,91,55,56
33,John Vermeesch,91413447,0,70,43,7,4,11,3,4,10,74,58,69
34,Stacie Glidden,34766536,24,69,49,3,3,0,3,6,4,40,79,76
35,Steven Abramowitz,74699816,19,49,25,6,6,3,4,3,4,80,86,73
36,Aaron Koller,31863091,33,78,0,1,2,6,0,3,4,66,71,50
37,Sandra Cainne,57408831,32,61,3,2,4,4,2,5,1,85,64,63
38,Mignon Byron,32294112,20,50,17,1,1,2,4,4,4,67,81,72
39,Sandy Garcia,68947874,51,34,18,10,5,6,2,4,4,75,59,86
40,Sidney Darbonne,50912926,97,16,48,3,7,8,3,5,0,53,59,76
41,Corinne Brown,80625987,63,74,22,6,5,5,7,6,2,52,59,61
42,Barbara Tippetts,66382276,0,0,46,3,2,8,1,0,4,48,71,74
43,Marco Hesson,76733759,29,60,47,6,2,6,4,5,6,72,65,70
44,Richard Fernandez,67631535,72,68,50,3,4,1,8,9,3,62,22,51
45,Jim Gray,15450426,55,33,42,2,6,4,3,4,1,79,67,56
46,Kyle Dunham,44875158,32,43,30,1,4,1,0,7,5,73,35,46
47,Ruby Nason,30851711,41,64,37,4,4,6,3,5,2,57,53,57
48,Theresa Maggard,57067778,56,80,7,6,4,3,4,4,3,70,71,70
49,Dorothy Abel,95899953,47,20,9,3,4,2,3,4,4,78,60,57
50,Edna Marshall,61759632,24,32,36,2,1,3,0,6,5,37,68,54
51,Shirley Osborn,43756613,84,0,31,4,6,7,4,6,1,61,54,76
52,Henry Garcia,57426144,35,72,65,7,0,6,4,5,3,71,47,100
53,William Mendez,47355885,63,72,47,3,2,3,4,3,5,77,75,59
54,Herbert Wiggins,78519225,40,55,35,4,5,2,5,6,4,82,45,47
55,Sonia Atkins,14581398,28,40,61,2,3,3,2,6,4,53,59,60
56,David Schuler,75896623,33,27,27,1,5,7,3,4,2,57,69,79
57,Nathan Strickland,45076385,40,42,12,4,2,6,2,5,3,58,62,72
58,Eugene Wood,14132260,41,48,68,4,4,0,3,1,6,53,63,66
59,Sandra Burrell,50645917,0,74,64,4,4,3,3,6,4,66,71,58
60,David Gordon,69294381,24,42,11,6,6,5,7,2,4,65,63,64
61,Robin Bank,99628996,8,65,45,5,3,8,4,2,7,74,73,70
62,Bobby Mcbean,79185240,22,6,35,5,1,1,3,6,4,80,60,63
63,Ramon Soto,56306253,28,64,33,4,2,1,3,2,4,80,83,68
64,Donald Honeycutt,79022212,62,73,36,4,4,2,4,5,3,73,85,68
65,Stephen Allison,69707898,15,35,36,0,2,7,1,6,2,45,71,79
66,Lisa Hargrove,36905998,56,58,65,3,5,5,6,3,0,33,72,57
67,Larry Pridgen,87793494,52,78,29,4,3,6,3,7,6,50,69,75
68,Leslie Cole,98533154,34,32,64,3,4,2,7,3,6,71,81,81
69,Don Buran,54607853,36,20,26,2,8,5,0,3,1,37,81,9
70,Robert Smith,43099982,36,27,14,3,5,4,1,4,2,36,54,88
71,Mary Kenney,14578553,0,1,30,1,1,6,5,4,2,82,70,62
72,Manuel Ivy,7587861,33,32,64,3,4,5,2,5,2,87,60,56
73,David Lewis,88097701,51,43,28,5,2,7,1,5,3,53,68,71
74,Daniel Swann,62632492,0,34,15,0,3,2,1,5,2,89,66,72
75,Carol Mugleston,23843765,71,16,12,0,5,4,3,5,2,64,49,60
76,Irene Boggs,89531942,15,39,44,3,8,1,3,3,0,77,100,70
77,Leslie Simmons,54275081,19,18,39,8,1,6,1,6,5,91,87,85
78,Shane Duncklee,9326187,69,32,26,3,6,4,5,1,3,66,61,55
79,James Ragsdale,25680037,42,55,48,3,1,3,3,5,1,71,74,78
80,Edith King,80845092,52,43,34,2,6,4,4,4,2,62,52,55
82,Betsy Jackson,23238890,47,55,30,3,4,3,2,4,3,75,48,42
83,Stanley Myers,71474248,25,41,21,2,2,0,10,0,4,76,74,90
84,Charles Reyes,26694264,72,63,38,4,1,4,5,7,6,62,43,84
85,Marianna Sconiers,51893538,52,33,61,3,3,6,1,2,3,45,87,81
86,Abraham Collins,27657644,1,37,20,0,0,4,3,3,3,81,86,74
87,Jerry Soria,91195874,14,98,5,7,2,5,3,7,2,82,52,76
88,Brendon Lopez,17314324,40,19,57,1,2,4,2,3,3,60,77,73
90,Kenya Wright,51034935,65,11,22,2,3,4,0,3,0,56,46,61
91,Clyde Simmons,80166974,24,25,84,6,1,7,1,2,3,67,89,71
92,Frank Cooney,90564118,38,49,7,2,3,3,0,6,0,86,35,40
93,Michael Leland,19681944,0,14,29,2,4,2,5,7,1,67,57,76
94,Calvin Garcia,13699003,36,63,43,5,3,6,2,2,3,59,68,87
95,Thad Fox,63222594,19,53,69,3,2,4,2,7,3,50,64,50
96,Ray Johnson,375303,77,23,41,1,4,5,3,2,2,71,64,66
97,Eddie Chapman,43491728,97,0,33,3,3,5,6,4,4,51,43,69
98,James Ellis,2000781,51,52,34,4,1,0,5,8,3,50,63,88
99,David White,4946055,47,64,35,3,6,0,3,4,2,34,84,60
100,Benny Lesser,13219881,31,50,28,6,10,3,5,6,8,83,92,67
101,Timothy Munoz,46291975,15,3,77,2,0,5,3,3,3,43,84,60
102,Kathleen Kyle,96539078,29,28,26,3,4,4,4,4,2,50,58,76
103,Linda Graham,43218004,45,1,58,2,5,4,6,7,3,64,60,77
104,Kristy Haugh,61169196,37,38,41,2,5,6,2,4,3,76,76,82
105,Velma Holland,36472226,32,108,0,6,3,5,7,6,4,59,58,73
106,Pauline Avila,13367009,75,66,57,5,2,4,6,9,6,42,55,62
107,Ann Thorne,69253987,10,58,14,3,2,0,0,2,5,93,58,78
108,Benjamin Anderson,35141414,2,36,12,3,3,5,10,2,6,61,82,59
109,Pamela Haynesworth,42058234,6,5,0,9,6,5,4,1,5,90,83,79
110,Donna Lingo,69563939,36,3,12,0,7,4,1,6,2,78,64,86
111,Mary Farris,90119422,31,32,31,3,3,3,3,3,4,55,63,77
112,Victor Hopper,68020288,53,47,55,4,5,2,3,4,1,70,46,66
113,Shirley Tran,11755135,70,32,37,3,6,1,8,6,3,42,57,62
114,Myrtle Burke,82701039,49,69,11,5,3,4,5,8,4,58,68,71
115,Erich Stallings,43419710,30,33,55,4,0,4,5,5,7,87,84,88
116,Etta Sharp,61299102,35,69,66,4,3,3,5,5,5,72,69,76
117,Amber Higgins,76136001,33,25,55,4,4,6,2,5,4,65,57,39
118,Vernita Boyd,53869391,24,44,2,3,2,3,5,5,3,71,63,65
119,Jennifer Corey,33137228,39,28,53,1,5,1,4,4,5,49,69,83
120,Carol Walker,92906334,13,64,55,2,6,6,5,6,3,63,61,33
121,Christa Parker,37126702,65,52,52,2,5,4,6,5,2,67,72,67
122,Annie Edwards,21509467,39,46,29,5,7,4,4,5,4,58,85,58
123,Gordon Riddle,95392337,74,16,7,4,4,5,2,4,5,65,48,56
124,Erin Montgomery,58628153,47,46,3,6,1,7,4,8,4,49,50,49
125,Ruth Osborn,82225045,30,43,78,4,0,9,6,1,1,47,90,53
126,Ruby Stewart,78821795,46,51,28,4,5,4,2,10,0,70,45,63
127,Dolores Colon,62991784,53,49,31,7,2,7,2,7,2,58,72,54
128,Joseph Roberts,76543941,13,102,66,5,4,6,5,3,2,56,51,55
129,Nancy Fredricks,34264419,30,40,74,2,5,3,4,5,2,76,45,73
130,Erica Chavez,98382925,70,28,46,2,7,6,5,3,1,54,57,68
131,Marilyn Nitti,55608063,35,36,53,5,1,2,5,6,4,71,77,100
132,Paul Wood,83536986,10,21,53,3,3,3,6,6,1,82,93,84
133,Latonya Shelton,32970131,65,40,58,4,2,6,1,4,2,67,67,68
134,Gary Kitterman,98705796,14,59,37,6,4,7,4,4,4,68,69,57
135,Lora Florez,81200088,35,41,0,4,4,1,3,0,4,86,71,52
136,Helen Burch,87296741,40,59,42,3,7,0,5,0,4,71,73,41
137,Alfred Porter,75732528,63,57,56,5,3,1,4,3,5,58,65,72
139,Ericka Mesa,16528798,35,52,20,3,4,2,0,8,0,90,45,57
140,Jennifer Jamieson,81559828,21,33,33,4,5,2,3,6,4,85,73,61
141,Tasha Kruse,2347039,48,34,57,2,5,0,4,6,3,67,77,55
142,Ashley Slade,83185071,74,2,14,2,5,4,3,5,4,67,40,61
144,Eric Dilworth,68186849,70,35,37,7,3,4,3,2,0,66,46,73
145,Ronnie Poeppelman,6153244,1,19,27,0,3,5,4,4,2,77,53,55
146,Colleen Baldridge,40021413,68,46,50,1,5,7,4,4,1,70,97,78
147,Julia Woodward,95947401,0,47,2,4,6,5,7,0,6,70,88,63
148,Christina Crouch,77427539,30,29,39,5,4,1,4,1,3,52,58,71
149,Priscilla Barrett,98058186,29,45,27,6,3,7,1,3,4,60,74,96
150,Christopher Hernandez,23220145,23,21,0,5,3,4,0,4,1,70,54,67
151,Yolanda Fletcher,14402228,79,81,44,3,0,3,7,5,0,72,88,81
152,Barbara Williams,83930976,0,18,21,3,7,5,2,6,4,80,64,51
153,April Acker,69304325,49,37,72,2,4,2,4,5,1,75,66,71
154,Gary Clark,15769733,49,87,27,6,3,5,4,5,4,68,31,76
155,Hector Jones,44128220,30,45,29,6,4,1,0,3,1,75,66,54
156,George Carroll,63798189,62,39,50,0,6,3,1,5,3,57,34,47
157,Sharon Zanola,37538108,36,79,46,0,1,1,7,0,3,70,81,76
158,Renee Hood,60730176,13,39,35,3,4,4,1,5,4,66,70,66
159,Randy Spitzer,82151286,27,36,44,4,5,8,0,3,4,74,84,88
160,Ronnie Bowen,47990092,0,66,67,3,5,0,3,5,3,66,70,77
161,Clarence Freeman,51872827,42,68,37,5,2,6,6,1,5,76,58,64
162,Darrell Torres,85500867,70,85,47,1,0,1,3,2,5,64,87,72
163,Carla Eberhardt,94137960,10,23,41,4,1,7,6,3,2,61,68,57
164,Wanda Barks,9597705,12,41,18,7,2,4,0,0,6,53,59,88
165,Anthony Olney,49065020,15,48,51,9,4,9,2,5,7,79,62,82
166,Steven Gutierrez,1942378,51,44,16,5,3,2,5,1,1,72,73,77
167,Kristina Marceau,15891305,52,51,6,2,4,3,5,1,5,65,83,58
168,Lisa Perrigan,47530129,36,0,66,1,0,3,0,6,3,60,65,67
170,Charles Grundy,21368734,12,32,25,1,7,7,2,5,3,84,65,50
171,Luz Smith,74229442,59,23,44,2,6,6,3,4,1,60,55,67
172,Alex Scroggins,80074469,36,66,26,6,4,4,3,4,2,71,48,75
173,Chris Sanders,6320478,16,38,33,7,4,3,7,2,4,75,77,79
174,Kathryn Ray,42074668,21,63,32,4,4,3,8,1,5,66,56,92
175,Forrest Applebaum,98466378,24,18,39,2,5,2,2,4,4,54,59,78
176,Craig Styer,82030223,58,36,55,2,5,4,3,6,4,66,38,51
177,James Sonoski,20891305,57,75,48,7,8,5,2,3,0,56,69,6
178,Phyllis Reams,58149683,54,76,28,5,2,2,5,5,4,53,81,83
180,Kevin Pino,77546088,45,43,50,2,2,4,2,5,3,60,54,66
181,Laura Duncan,32667989,0,13,30,1,7,5,5,7,1,98,76,74
182,Monica Arnett,58513989,2,63,37,3,7,1,3,5,3,53,85,65
183,Deloris Tester,61063562,62,50,35,4,9,5,5,4,2,66,71,46
184,Iva Zuniga,42704433,50,68,26,6,2,6,5,7,2,56,47,46
185,Aimee Hogue,7412968,46,35,32,2,4,2,4,4,3,54,62,78
186,Larry Ortega,38893557,32,60,13,4,4,3,3,5,1,76,60,69
187,Glenn Williams,57340785,16,57,39,3,7,3,5,5,5,54,86,66
188,Doreen Jarrell,25982412,27,38,37,2,6,5,6,5,2,80,79,71
189,Parker Wagner,10531712,20,99,71,6,8,3,4,3,0,93,60,43
190,Gail Francis,31455559,82,25,20,4,10,4,5,3,1,82,71,66
191,Samantha Patel,83313766,35,20,40,4,0,5,3,5,9,100,100,76
192,Maria Shaw,22589182,51,39,31,2,1,0,9,1,3,76,76,100
193,Doug Pina,25102557,31,49,26,3,4,2,3,7,1,62,50,46
194,Joseph Mckee,81580862,23,5,22,1,2,1,3,6,4,76,62,80
195,Eva Murdock,58348048,31,31,55,1,6,2,1,4,0,55,68,43
196,Carol Manning,28134684,24,45,8,1,2,1,0,8,2,93,48,45
197,Catherine Mckenna,94003337,20,51,23,4,1,6,2,4,6,52,52,81
198,Kristen Brown,77391468,48,51,33,2,2,4,4,4,7,54,71,66
199,Julie Sheldon,23407596,44,53,30,7,2,9,1,2,4,58,80,98
200,Amy Scudder,66737140,62,12,11,7,3,8,0,4,2,35,84,61
201,Jeremy Buckley,30154725,1,52,33,3,5,4,4,6,6,66,87,70
202,Clara Hensley,27915652,55,55,46,4,8,2,4,4,4,65,61,52
203,Mary Dempsey,62652,14,0,53,0,3,5,3,6,2,65,36,66
204,Robert Moore,15564131,61,26,42,0,3,0,3,7,3,65,31,46
205,Bernice Velasquez,4113472,0,35,54,0,4,6,4,6,3,74,67,54
206,Joseph Gordon,10439641,19,99,63,3,3,0,6,6,4,56,64,91
207,Orlando Mott,50828093,22,51,36,5,4,6,4,2,6,79,79,74
208,Cleo Brewer,13489947,32,62,55,5,4,5,0,0,5,39,71,81
209,James Crawford,9249722,41,49,35,6,6,4,6,6,1,65,59,70
210,Margaret Brawner,96000500,35,59,56,1,1,4,6,7,8,56,79,80
211,Richard Neufeld,96310268,54,51,81,5,3,0,1,0,6,48,61,71
212,Rosie Harris,75771101,53,51,43,3,7,5,4,4,3,60,76,43
213,Terrance Smith,45108059,45,30,61,6,5,0,0,1,6,70,61,79
214,April Boring,82614014,6,49,56,2,6,0,1,3,3,38,72,77
215,Gordon Strand,9103240,19,42,22,6,1,2,8,1,2,79,62,98
216,Sabrina Hannah,96798150,78,44,32,3,7,1,3,4,2,42,88,55
217,Charles Garcia,36472758,30,98,45,3,3,5,5,6,4,62,40,77
218,Brittney Whipps,90517577,0,63,24,6,4,9,4,2,5,74,72,54
219,Janell Ortega,23248212,31,77,21,4,4,7,2,2,4,71,99,64
220,Penny Fries,25221982,29,27,0,2,2,0,0,4,3,83,69,50
221,Virginia Mcpeake,84374007,49,45,0,4,3,2,0,8,6,87,49,43
222,Sandra Holdman,16357338,45,24,43,2,4,5,2,8,1,76,45,66
224,Charles Whittingham,15152177,0,14,29,2,5,2,3,5,4,82,69,79
225,James Stephens,86227169,47,55,22,8,1,8,2,3,4,64,75,96
226,William Reed,33043273,62,77,62,7,7,3,0,3,4,65,66,85
227,Amy Wiley,61289146,41,48,0,6,2,8,1,5,3,59,73,80
228,Marilu Meza,5505642,54,66,10,2,0,3,7,2,6,61,73,75
229,Chadwick Burton,59977121,32,0,28,0,4,8,1,7,1,57,81,84
230,Steven Robinson,2394579,78,84,32,5,0,0,0,6,3,53,59,70
231,Randal Cantrell,86224586,28,34,54,3,4,0,0,5,4,45,79,67
232,Jennifer Fox,45806895,32,68,34,3,6,3,4,4,3,62,85,62
233,Jamie Brown,29816981,43,34,27,2,7,3,3,5,3,77,63,56
234,Stephen Howard,66401165,19,45,36,9,4,7,3,5,5,76,61,82
235,Loretta Ross,78433644,26,15,43,3,2,8,4,4,2,95,90,64
236,John Mcfadden,92453575,88,24,52,3,7,5,4,4,1,50,56,61
237,Keith Parker,33562601,45,37,20,5,2,5,2,3,2,60,49,68
238,Bruce Hudson,14135712,37,84,7,5,3,4,1,5,1,63,76,64
239,Emily Herrmann,371025,66,18,47,3,7,6,3,5,2,60,55,64
240,David Propps,36126522,58,58,6,9,2,7,5,5,3,52,77,79
241,Louis Crabtree,96379560,36,56,51,5,1,7,5,4,7,83,75,60
242,Joleen Gingerich,33849016,50,46,35,6,6,3,1,3,5,40,96,38
243,Timothy Pry,45890776,19,41,50,3,3,3,2,7,4,49,78,56
244,Carlos Smith,21798440,56,95,46,7,2,8,3,8,3,64,68,76
245,Calvin Guido,46168980,70,41,2,5,8,6,3,2,4,68,75,63
246,Bradley Bennett,28619531,2,8,24,3,3,9,0,2,3,58,61,83
247,Michael Sutherland,22714883,59,3,60,3,1,2,0,5,3,47,71,62
248,Marian Johnson,50511868,65,25,50,2,6,3,4,5,2,54,60,58
249,Joann Thompson,33792768,53,41,8,6,3,4,4,6,1,53,59,60
250,Kimberly Martin,2489063,0,44,16,1,7,5,1,5,1,100,89,72
251,Lawrence Terrell,14529032,0,74,64,4,4,2,4,7,5,62,79,75
252,Teresa Harris,93170573,68,78,2,3,0,2,4,1,3,63,42,43
253,Eric Escarcega,82293383,0,11,43,3,1,8,4,1,2,63,72,58
254,Margaret Wehausen,73649930,56,77,32,5,4,6,6,5,4,42,59,74
255,Josefina Lewis,38814946,52,38,48,4,6,5,6,6,4,64,75,85
256,William Wade,48763286,7,47,33,3,6,0,3,6,2,85,86,54
257,Maria Deslauriers,29214719,28,39,22,6,5,6,6,2,7,78,70,67
258,Marie Davidson,22745717,80,16,14,4,7,6,3,4,4,59,59,69
259,Laura Thomas,64449374,23,21,55,2,5,2,2,6,3,62,79,70
260,Thomas Ford,17060870,53,80,10,2,3,4,3,2,6,68,68,65
261,Maggie Stenger,10045671,55,79,42,5,4,5,4,5,4,61,48,73
262,Lillian Pagan,28622977,47,15,25,3,4,2,3,5,1,68,67,63
263,James Prior,4249683,36,69,26,3,8,0,3,5,3,23,90,57
264,Jennifer Coplin,13342476,63,26,53,2,4,3,2,6,3,60,41,52
265,Jacqueline Lavigne,25662507,51,57,50,1,2,4,2,4,6,57,78,73
266,John Keisel,34820724,26,58,34,5,1,5,7,4,5,64,63,75
267,Patrick Lane,21353415,17,39,43,3,4,4,4,7,6,67,76,84
268,Ruth Pryor,19894391,57,19,28,3,4,4,5,6,3,76,59,62
269,William Mccloskey,48263462,51,56,60,5,4,3,6,7,0,69,66,77
270,Lisa Brown,41477785,0,52,3,1,1,0,1,1,2,93,81,45
271,Michael Vue,19075793,62,39,69,3,5,0,5,4,4,70,84,74
272,Sandra Grap,84830027,26,55,14,4,4,3,4,6,1,87,83,73
273,Pete Maxwell,49641544,22,88,30,3,7,1,3,6,4,85,75,42
274,Brian Mckie,98247155,26,66,32,4,3,2,2,1,6,70,85,79
275,Mary Voris,18328949,7,91,70,5,1,7,6,3,5,71,69,56
276,Tara Apple,63814770,41,63,81,5,2,3,7,4,1,33,43,35
277,Sabrina Blackman,33848164,18,49,59,3,4,5,3,6,3,61,75,45
278,David Griffin,11724454,65,10,35,4,7,5,3,5,3,60,68,72
279,Nicholas Bridgman,86160071,12,17,44,1,2,5,3,4,1,75,54,54
280,Jeremy Sanders,12302058,87,15,20,1,8,4,6,1,3,49,63,64
281,Paul Eckhardt,62714733,46,37,62,3,3,8,4,4,2,65,98,79
282,Glenn Wright,49231522,9,48,14,1,3,3,3,3,3,85,80,64
283,Robert Wolford,33104515,33,72,30,3,8,1,6,4,2,70,79,80
284,Janet Murphy,99374343,72,28,1,6,3,6,2,7,3,54,73,63
285,Ranae Pelton,23047816,3,4,33,1,3,8,2,4,1,61,55,70
286,Myrtle Northup,10436030,48,62,55,6,3,1,3,9,0,65,64,86
287,Ronald Lipscomb,45993346,63,52,67,4,5,4,2,2,2,85,59,51
288,Myron Thompson,71303052,51,34,34,5,4,3,1,4,0,71,68,70
289,Bill Gomez,73385313,74,49,31,5,5,2,3,3,3,68,69,78
290,Tommy Gee,52754958,8,46,43,8,4,12,0,3,9,84,76,94
291,Lauren Mills,1415282,0,87,62,2,0,9,4,1,5,88,87,66
292,Theodore Ellis,96354854,36,42,12,4,4,4,7,2,7,70,76,70
293,Traci Morales,41827708,13,58,45,7,1,9,5,2,8,84,61,84
294,Betty Wilson,40965625,16,58,0,5,4,4,3,7,1,63,62,65
295,Lara John,41069030,116,12,39,2,10,5,6,3,3,36,49,66
296,Michael George,73777333,4,3,40,4,6,4,0,0,0,57,80,75
297,Jerry Charles,1974535,30,69,35,4,4,2,3,5,0,77,38,67
298,Kandra Ferguson,45646425,63,48,46,0,5,3,3,8,1,59,63,79
299,Josefine Mccoach,79276639,0,81,57,2,2,4,9,1,7,66,80,80
300,Ashley Jackson,28120518,32,52,63,4,5,4,1,3,1,69,62,39
301,Terrence Bayer,33330645,56,37,44,1,3,1,4,5,2,56,53,52
302,Lindsey Williams,85957538,44,68,24,2,1,2,1,6,3,69,70,74
303,Doris Zabel,38221946,13,38,32,1,5,4,2,4,2,60,60,47
304,Kathleen Bondy,16369142,22,61,19,5,4,7,3,0,4,78,72,62
305,Judy Hor,1782828,14,8,45,2,1,6,5,2,2,61,68,55
306,Deangelo Pancoast,76245621,23,58,25,2,3,7,1,2,4,81,80,57
307,Ronald Bigham,60157912,21,31,45,3,2,2,0,8,3,82,45,56
308,Mary Scott,1841687,71,54,3,6,7,5,3,6,6,77,56,47
309,Jeanine Jamison,35041441,43,41,50,1,3,6,3,3,2,41,46,64
310,Dianne Smith,33187616,28,35,51,3,5,5,2,4,3,60,72,40
311,Addie Fortman,43444039,25,44,45,5,2,4,1,2,4,40,70,78
312,Ronald Stewart,95308560,72,6,56,2,6,6,6,6,4,57,48,75
313,Richard Rider,42884310,87,98,37,6,1,2,4,7,0,52,78,80
314,Stewart Leach,62871062,38,57,44,6,5,5,2,7,2,77,56,58
315,Jim Quintanilla,73696177,18,33,46,4,4,3,2,6,3,70,60,70
316,Charles Sands,29929474,45,70,63,6,4,3,3,5,5,58,81,60
317,Robert Lucas,12498526,49,70,16,5,3,4,4,6,3,67,61,80
318,Rosa Perez,44058032,49,50,64,3,3,4,4,4,5,58,40,78
319,Bobbie Lagrimas,82178961,62,62,53,4,2,5,3,6,5,65,43,83
320,Stacie Sills,33537853,25,65,5,3,3,2,2,6,3,66,72,76
321,William Poteete,93996408,34,27,26,2,6,6,3,5,2,80,88,89
322,Rhonda Rock,13199825,35,91,65,5,2,4,7,3,3,58,46,85
323,Marian Johnson,89541842,65,47,33,5,1,8,0,4,4,54,55,69
324,Merilyn Donahue,42064957,64,53,26,3,8,0,3,4,1,45,96,73
325,Linda Berry,42621639,15,40,27,8,4,3,5,0,2,95,70,79
326,Flora Hampton,54165927,26,24,12,7,5,7,3,6,8,65,83,70
327,Lucy Weisgerber,36296646,12,26,12,2,5,2,4,6,3,57,63,87
328,Karen Whitworth,34247181,77,6,22,1,4,3,3,5,3,54,74,76
329,Elliot Mckay,81308683,35,39,17,5,2,6,5,1,6,80,75,84
330,Mark Murguia,91331925,46,44,55,4,0,0,9,6,2,54,84,97
331,Gabriel Schlesser,31631958,35,40,88,0,3,0,1,4,2,86,25,76
332,Marina Sedlacek,4100585,38,48,79,4,3,8,1,3,4,50,90,74
333,Renee Peters,15829567,67,35,0,2,6,2,3,4,5,67,66,56
334,Betty Tollerud,34036987,44,47,64,3,6,3,6,6,3,70,74,70
335,Frieda Matthews,85780443,20,46,45,4,6,6,3,4,2,84,84,64
336,Bradley Koenig,12249648,48,81,14,5,2,1,4,3,3,71,76,74
337,Agustina Reed,64401548,41,45,80,3,2,6,2,2,3,40,58,58
338,Veronica Warren,65249847,11,45,26,2,2,3,6,1,3,85,83,69
339,Veronica Gonzales,48825054,41,28,50,4,4,4,8,8,0,82,68,74
340,Lewis Teichmann,52726929,13,86,31,5,5,0,4,6,3,97,74,42
341,Steven Sims,56615296,69,70,51,3,8,2,4,3,3,43,72,85
342,Leslie Ferraro,99615687,8,5,4,9,4,7,4,2,7,100,87,66
343,Alice Sanders,88757223,34,39,65,3,6,1,4,3,1,69,66,80
344,Bernard Krol,90995940,17,39,33,3,2,1,3,4,6,62,76,88
345,Shirley Gabel,25549655,22,27,78,4,0,0,0,7,5,48,78,73
347,Bill Livingston,55958159,36,78,56,3,2,4,7,4,5,58,66,65
348,Sheryl Williams,65407146,53,41,22,4,2,7,3,4,8,72,69,88
349,Thomas Conway,16732773,11,52,17,3,3,3,2,4,2,78,67,62
350,Natasha Tanner,84053166,16,46,27,0,3,5,4,2,4,100,95,64
351,Lora Sholders,49270220,45,61,23,3,2,4,3,2,6,66,78,65
352,Amy Rodriquez,50997241,47,38,6,6,4,4,4,4,1,62,55,59
353,Michael Hansen,11902829,39,31,29,3,6,4,2,5,4,41,71,46
354,Lori Mcmorris,51388756,0,64,63,4,6,5,3,5,4,61,68,43
355,Inez King,34848123,16,43,31,1,2,4,4,1,7,65,69,67
356,Erica Richey,24225429,39,86,40,3,1,5,6,3,1,58,52,63
357,Terry Yamasaki,6507865,64,35,39,8,4,4,1,3,1,74,74,83
358,Bruce Gubler,41035982,53,42,14,5,1,0,2,10,3,56,47,86
359,Flora Hargrove,21311932,0,38,9,2,3,2,2,5,4,82,79,78
360,Norbert Rodriguez,89140414,45,55,6,6,2,7,3,4,3,55,70,77
361,Brenda Schubbe,75266946,49,20,27,6,3,4,5,4,5,76,65,67
362,Rhonda Cespedes,72264469,15,28,38,4,4,0,2,8,5,88,56,55
363,Peter Shelman,75031845,43,18,53,5,5,1,1,5,0,78,51,58
364,Helen Landis,21833524,57,26,47,4,5,4,3,3,2,56,68,63
365,Christopher Polizio,3388794,16,56,45,4,8,1,2,5,3,33,85,40
366,Beverly Gaunce,26364834,62,53,25,6,3,6,3,5,4,56,51,72
367,Doris Hambright,46845827,41,62,37,3,5,1,5,5,5,59,86,87
368,Andrew Luck,55412763,41,62,40,3,6,3,2,3,3,54,84,51
369,Omar Parker,51726354,24,56,31,4,4,4,2,7,2,63,69,64
370,Nicole Welch,97816673,6,57,19,2,3,0,2,5,2,90,83,55
371,Oscar Lapointe,91009203,0,33,59,1,3,1,3,7,3,56,62,80
372,Connie Brase,98393080,22,39,47,3,5,6,4,5,0,78,63,60
373,Curtis Johnson,57365325,0,60,55,3,6,3,3,6,3,49,72,41
374,Michael Ferguson,24016922,51,50,48,5,5,1,2,10,1,52,54,75
375,Juan Ward,78899436,56,19,46,2,6,7,4,5,0,68,38,33
376,Gregory Torres,67351962,11,7,24,7,3,4,6,6,8,88,83,84
377,Robert Rhodes,49609438,37,111,20,5,3,2,7,4,3,77,42,90
378,Nina Martinez,90888338,66,0,60,4,2,4,2,1,3,52,51,66
379,Libby Dykes,50625490,11,36,61,5,3,4,5,3,3,51,76,64
380,James Novak,17801268,46,34,41,2,4,3,4,7,3,74,40,54
381,Carol Fong,20795795,53,22,47,1,5,3,4,7,4,63,58,66
382,Kenneth Marroguin,28325405,8,58,7,1,2,0,0,6,3,96,56,37
383,Virgil Manzanares,48622398,27,51,37,2,6,0,3,5,3,45,75,88
384,Penny Cush,27684,0,21,34,0,3,6,2,7,6,43,87,42
385,Lisa Lindsey,84380600,25,44,45,5,2,4,3,3,5,86,85,84
386,Charles Machado,4830414,57,43,27,6,2,3,4,4,2,67,60,92
387,Noe Boe,86439051,14,34,35,4,0,2,1,7,1,84,61,59
388,Lisa Coste,65162255,0,89,52,4,3,5,7,0,0,61,66,69
389,Pamela Simmons,15080831,40,56,15,4,3,6,1,6,3,56,53,62
390,Gabriel Maldonado,34497598,59,25,45,3,3,3,2,6,5,60,36,61
391,Howard Arrington,25285584,70,47,31,4,3,2,6,8,3,61,50,64
392,Alice Wu,7747582,16,27,38,3,3,2,1,2,6,58,67,80
393,Maria Welter,9992693,21,73,40,3,3,4,8,2,5,65,68,54
394,Tiffany Gaudin,8097106,0,25,45,5,3,7,2,1,4,57,85,69
395,Lynn Baker,27875474,0,36,42,1,5,3,2,6,4,44,74,54
396,Armando Miller,36066185,35,88,31,5,3,3,6,6,3,71,42,79
397,Michael Bledsoe,76396415,63,58,56,6,3,6,6,6,0,53,57,48
398,Rusty Woods,30844548,38,26,21,1,3,4,6,5,4,75,57,58
399,Lee Deruyter,28073473,25,0,26,0,4,4,1,7,4,46,64,63
400,Ronald Larkins,6988313,4,57,19,5,2,2,0,7,3,99,60,49
402,Miranda Tarkington,46505711,51,45,15,4,8,1,6,4,4,79,94,60
403,Jacob Stenson,1466978,69,51,30,2,8,2,7,4,1,77,65,82
404,Lisa Fugate,48206061,30,22,11,1,4,2,3,3,1,84,76,62
405,Hector Schuetz,68302800,0,38,38,4,1,0,2,9,5,96,55,47
406,Willie Allen,91479308,43,54,64,3,2,6,3,3,2,45,58,54
407,Jody Wright,61278733,66,44,43,1,5,2,4,5,3,48,73,80
408,Angel Foskett,40700155,44,8,31,1,7,5,2,4,2,44,64,36
409,Russell Oberlin,30612580,62,56,78,5,4,4,3,3,4,76,70,67
410,Angela Haraway,8957774,9,59,53,1,4,5,4,5,2,75,55,52
411,Lewis Burke,55684398,49,59,30,7,2,6,3,4,3,66,66,80
412,James Dinger,70833431,23,28,83,3,1,3,1,7,3,66,53,63
413,Mario Mcmahen,40873573,30,52,9,3,2,5,6,4,1,78,77,61
414,Theresa Harrison,51636578,29,16,31,4,5,2,1,3,4,73,67,86
415,Jan Butler,15082621,8,23,50,5,4,4,4,2,3,56,72,68
416,Olivia Mease,84396752,58,36,78,1,5,3,5,6,4,51,62,60
417,Maria Villalvazo,71938036,51,52,52,3,4,3,5,7,3,64,72,86
418,Linda Woodard,73356026,21,0,38,1,2,3,5,6,1,60,82,81
419,Richard Raper,55186436,0,56,41,0,3,1,2,6,6,45,89,82
420,Lana Myers,9691059,19,60,12,4,4,5,2,6,3,58,43,57
421,Arnold Overbaugh,11435450,23,73,38,5,3,11,1,1,8,84,71,58
422,Milton Mcginnis,55822144,28,48,56,5,3,3,3,2,5,72,74,70
423,Bryan Pimentel,32229659,47,60,45,2,5,2,1,5,2,66,45,39
424,Tom Pennington,73685230,40,38,30,2,2,4,4,4,3,74,57,53
425,Lloyd Giorgio,22082416,94,44,21,3,8,8,1,5,1,53,60,67
426,Joshua Hartman,56359683,77,17,22,1,10,8,3,7,3,65,55,71
427,Nicholle Topps,34102591,70,75,39,4,0,0,2,6,3,49,42,63
428,Sarah Gutierrez,41674398,54,36,72,4,3,6,3,2,2,56,69,62
429,Chester Chavez,16768637,32,73,50,5,1,11,2,2,8,85,74,55
430,Joe Spence,54322909,81,54,14,3,5,5,2,3,4,63,45,49
431,Ola Williams,23220785,40,30,68,2,1,10,3,4,1,65,100,75
432,Joshua Cobb,66089693,27,0,43,3,4,4,3,8,2,76,66,81
433,Brenda Clay,91475078,50,33,1,6,8,3,2,0,4,73,81,73
434,Joseph Sheldon,33807477,59,9,72,4,6,5,3,4,0,53,76,79
435,Stephen Neese,93780538,16,75,67,4,7,5,2,4,1,61,72,16
436,Frank Clark,23035014,52,72,44,3,6,3,5,4,3,58,74,58
437,Elizabeth Lloyd,38451396,81,9,47,2,7,7,3,3,0,44,46,70
438,Ruby Jones,33399930,34,60,23,3,4,1,3,8,1,71,61,62
440,Olevia Munez,7301918,42,59,9,2,3,0,1,1,2,67,52,28
441,Leona Johnson,3407778,0,53,56,2,4,3,3,7,5,71,89,67
442,Robert Herrera,59152202,36,42,33,6,3,7,3,2,7,89,72,80
443,John Mccormick,32715409,34,45,76,3,2,5,0,4,3,73,54,71
444,Cody Bazin,40920514,24,21,58,1,2,8,6,4,1,47,86,63
445,Barbara Bulger,42716025,32,20,23,6,1,5,0,3,2,68,70,79
446,Brain Lowe,32468093,23,74,1,7,2,7,0,3,3,66,53,77
447,Vivian Seyler,93735631,46,65,14,8,3,5,6,4,1,59,49,78
448,Janice Trammell,9413778,73,37,54,4,3,4,1,3,5,58,31,80
449,Robert Marsh,35946868,10,62,52,3,6,1,4,5,2,65,70,70
450,Walter Jodway,84271562,69,33,64,4,4,6,3,4,4,51,60,65
451,Mary Butler,69533915,83,59,10,7,0,7,4,3,6,65,76,100
452,Marc Gallagher,16459980,39,20,46,2,4,7,2,3,2,51,76,85
453,Karen Frey,88639853,73,32,70,3,11,5,9,6,5,55,57,69
454,Margaret Bender,85190758,80,37,34,3,9,4,4,3,2,54,69,58
455,Matthew Harbach,75934695,29,50,17,3,3,3,1,4,2,76,47,46
456,Mary Arnold,72991351,10,52,39,3,6,6,3,4,2,74,56,37
457,Raymond Gloss,54857836,20,27,24,4,1,6,6,4,6,81,94,53
458,Erica Latimer,78973158,32,83,38,4,6,3,6,5,3,59,56,73
459,Marilyn Perry,59694178,61,69,39,5,1,1,3,6,1,66,63,75
460,Christopher Ellingson,16282049,0,60,44,5,3,6,6,5,6,66,76,68
461,Wesley Robinson,84186716,0,30,52,5,1,11,0,0,5,44,69,77
462,Danna Parrish,89727545,59,42,54,9,3,8,2,3,2,50,72,79
463,Gary Falkner,11223954,44,51,62,5,3,10,4,2,1,62,96,67
464,Elaine Bagley,37706287,0,50,35,5,3,6,5,3,5,74,86,70
465,Piper Brown,92624107,75,15,62,3,3,5,4,3,1,47,47,64
466,Bridget Clark,2534745,53,71,28,2,8,4,0,4,4,31,42,100
467,Justin Thrasher,21112702,56,76,25,6,3,5,5,4,3,52,64,63
468,Brent Ames,8053562,35,68,52,3,6,0,2,3,2,47,89,74
469,Jonathan Summers,69937239,30,67,48,5,3,6,2,3,0,65,44,56
470,Becky Soto,58530282,41,68,17,4,3,2,3,4,1,86,65,58
471,Daniel Pittman,78891611,35,35,43,4,5,3,3,1,2,57,57,75
472,Alberta Pope,56054557,3,40,24,4,2,4,8,2,5,76,77,76
473,Idella Wegman,66224888,38,61,52,5,5,2,4,4,4,60,79,67
474,Joyce Athan,47259186,82,36,32,2,11,6,5,5,1,54,82,72
475,Kathleen Stjohn,77604276,30,27,56,2,3,8,3,4,2,66,100,82
476,Barbara Slostad,44826409,56,31,46,3,2,0,5,4,5,69,67,64
477,Grace Litaker,82258999,40,71,33,2,5,3,5,8,3,55,58,65
478,Marjorie Hoard,7964222,0,39,38,5,4,7,1,0,5,62,58,72
479,Lisa Rojas,98353847,57,66,25,6,3,1,2,10,1,53,58,88
480,Cindy Shafer,56276547,62,65,61,4,5,2,3,2,4,67,67,66
481,Rafael Rutenberg,26326873,37,70,14,5,2,6,5,7,6,46,62,73
482,Patrick Ybanez,32766718,13,33,44,4,6,9,0,1,4,69,77,96
483,Jo Baugh,70961726,34,27,42,3,2,5,4,2,4,53,68,73
484,Michael Clark,10333043,50,31,30,5,2,5,2,5,7,84,79,86
485,Jacqueline Cadwell,96562165,49,49,50,4,5,5,0,4,3,68,82,96
486,Ervin Dunlop,51810344,14,17,68,3,0,6,3,9,7,44,68,59
487,Ryan Thomas,54474209,62,30,46,4,3,5,3,3,2,60,66,66
488,Sandra Tufts,82559698,69,41,29,7,1,7,2,1,4,58,69,100
489,Joan Olson,84235049,28,0,15,3,4,3,2,4,1,85,54,68
490,Cathy Robinson,46148112,23,43,25,3,2,0,4,6,5,70,69,88
491,Victor Corder,28224969,20,15,0,1,2,1,6,6,3,65,45,69
492,Bradley Clay,67015124,0,11,17,2,3,3,2,5,4,78,52,61
493,Deanna Haupt,84491164,62,45,34,5,5,4,3,8,2,53,62,57
494,Joaquin Mcilvaine,98281916,18,64,18,8,6,6,3,0,0,74,62,62
495,Sherry Aguila,87461390,19,38,29,4,4,8,0,2,3,48,79,97
496,Brandy Elledge,21433208,4,50,27,4,4,6,6,0,3,78,82,69
497,Lisa Noble,73814183,23,45,38,4,4,2,3,5,3,82,61,54
498,Charles Craft,97880765,46,57,31,3,2,1,5,4,3,62,65,62
499,Edith Sullivan,56436909,43,72,20,2,4,5,3,3,4,72,69,56
500,Martha Norman,77529643,18,55,47,2,2,2,6,1,3,77,83,85
501,Clara Harrison,75513673,45,54,0,5,1,7,2,11,4,48,63,47
502,Judy Davis,55563756,62,45,8,3,1,2,10,1,7,77,69,57
503,Jean Stratton,43508827,53,29,50,3,4,0,3,3,3,61,52,51
504,David Markley,10848480,49,21,0,8,3,4,0,6,1,63,58,60
505,Nathaniel Noya,7978112,66,70,31,6,1,0,4,5,3,64,72,79
506,Eileen Finley,1147648,0,56,11,2,1,8,5,2,6,80,93,35
507,Cedric Buss,33729943,50,53,5,4,1,4,8,4,4,59,59,50
508,James Ray,62724217,35,35,63,3,0,0,5,3,5,35,54,59
509,Lauren Vega,71562358,42,4,58,6,6,5,7,7,5,78,59,79
510,Joshua Brown,48754463,6,47,39,5,2,8,5,4,9,88,83,61
